﻿<?xml version="1.0" encoding="utf-8" ?>
<log4net>

	<appender name="RollingFileAppender" type="log4net.Appender.RollingFileAppender">
		<file value="console.log" />
		<appendToFile value="true" />
		<rollingStyle value="Size" />
    <maxSizeRollBackups value="10" />
    <maximumFileSize value="10000KB" />
    <staticLogFileName value="true" />
		
		<filter type="log4net.Filter.LevelRangeFilter">
			<acceptOnMatch value="true" />
			<levelMin value="DEBUG" />
			<levelMax value="FATAL"/>
		</filter>
    
    <layout type="log4net.Layout.PatternLayout">
			<conversionPattern value="%-5level %date - %m%n" />
		</layout>
	</appender>

	<!-- Set the default logging level and add the active appenders -->
	<root>
		<level value="DEBUG" />			
		<appender-ref ref="RollingFileAppender" />
	</root>
	
</log4net>
