﻿<?xml version="1.0" encoding="utf-8"?>
<publishData>
  <publishProfile publishUrl="C:\MySpace\2009\messagingToolkit\MessagingToolkit.Barcode.Installer\Demo Clients\Silverlight" deleteExistingFiles="False" ftpAnonymousLogin="False" ftpPassiveMode="True" msdeploySite="" msdeploySiteID="" msdeployRemoteSitePhysicalPath="" msdeployAllowUntrustedCertificate="False" msdeploySkipExtraFilesOnServer="True" msdeployMarkAsApp="False" profileName="Profile1" publishMethod="FileSystem" replaceMatchingFiles="True" userName="" savePWD="False" userPWD="" SelectedForPublish="True">
    <file relUrl="Silverlight.js" publishTime="08/19/2012 15:59:32" />
    <file relUrl="bin/MessagingToolkit.Barcode.Silverlight.Demo.Web.dll" publishTime="09/09/2012 01:08:54" />
    <file relUrl="ClientBin/MessagingToolkit.Barcode.Silverlight.Demo.xap" publishTime="09/09/2012 01:08:56" />
    <file relUrl="Web.config" publishTime="09/09/2012 01:09:09" />
    <file relUrl="bin/MessagingToolkit.Barcode.Silverlight.Demo.Web.pdb" publishTime="09/09/2012 01:08:54" />
    <file relUrl="MessagingToolkit.Barcode.Silverlight.DemoTestPage.html" publishTime="08/19/2012 15:59:32" />
    <file relUrl="MessagingToolkit.Barcode.Silverlight.DemoTestPage.aspx" publishTime="08/19/2012 15:59:32" />
  </publishProfile>
</publishData>